{"cameraMode":{"drawMode":0,"name":"Shaded","section":"Shading Mode"},"sceneLighting":true,"audioPlay":false,"sceneViewState":{"showFog":true,"showMaterialUpdate":false,"showSkybox":true,"showFlares":true,"showImageEffects":true,"showParticleSystems":true},"in2DMode":false,"pivot":{"x":58.869667053222659,"y":-0.2812042236328125,"z":59.3407096862793},"rotation":{"x":-0.2295362651348114,"y":-0.0020370003767311575,"z":0.0004807139339391142,"w":-0.9732978940010071},"size":1504.0633544921875,"orthographic":true}